Codigo,Norte,Este,pH,CE,TDS,Ca,K,Mg,Na,Cl,SO4,HCO3,CO3,Temporada,Subcuenca,Tipo_Fuente,Clase_Fuente,ratingcol,claseph,long,lat
1348119SW001,8295969,178312,8.58,89.13,44.23,7.29,3.1,1.998,6.62,0.578,6.744,48.5,NA,Estiaje,Molloco,Agua superficial,Quebrada,blue,Basico,-71.99660209,-15.39302078
1348119SW001,8295972,178323,7.17,99.86,49.45,5.8,2.7,1.8,4.3,0.3,3.6,33,NA,Avenida,Molloco,Agua superficial,Quebrada,green,Aceptable,-71.99649934,-15.39299508
1348119SW002,8288352,177940,8.52,165.8,81.96,14.57,2.84,3.009,12.42,11.45,17.75,57.8,NA,Estiaje,Molloco,Agua superficial,Rio,blue,Basico,-72.00105254,-15.46174355
1348119SW002,8288348,177940,8.48,103.1,51.03,10.2,1.7,1.9,5.5,3.1,13,31,NA,Avenida,Molloco,Agua superficial,Quebrada,green,Aceptable,-72.00105306,-15.46177966
1348119SW003,8288410,177882,8.18,357.2,175.5,14.15,2.69,2.839,11.37,11.33,17.05,57,NA,Estiaje,Molloco,Agua superficial,Quebrada,green,Aceptable,-72.00158492,-15.46121258
1348119SW003,8288413,177878,7.35,490.6,249.9,70.7,0.9,6.9,5.5,0.3,179.1,27,NA,Avenida,Molloco,Agua superficial,Quebrada,green,Aceptable,-72.00162177,-15.46118499
1348119SW004,8288500,177949,8.21,170.2,83.98,53.7,2.98,5,5.95,0.654,95.53,87.4,NA,Estiaje,Molloco,Agua superficial,Rio,green,Aceptable,-72.0009495,-15.46040848
1348119SW004,8288513,177936,8.59,136.8,67.52,9.6,1.7,1.9,6.1,3.2,10.5,31,NA,Avenida,Molloco,Agua superficial,Rio,blue,Basico,-72.00106883,-15.46028947
1348119SW005,8291515,178497,9.04,164.3,80.77,14.34,2.84,2.833,11.65,11.2,16.18,54.4,NA,Estiaje,Molloco,Agua superficial,Rio,blue,Basico,-71.99545694,-15.43325681
1348119SW005,8291946,178567,8.55,111,55.07,9.7,1.8,1.9,6.4,3.3,10,31,NA,Avenida,Molloco,Agua superficial,Rio,blue,Basico,-71.99474954,-15.42937434
1348119SW006,8291954,178548,8.88,82.03,40.69,3.1,2.3,1,3.2,0.4,2.7,18,NA,Avenida,Molloco,Agua superficial,Quebrada,blue,Basico,-71.99492535,-15.42929973
1348119SW007,8291682,178502,9.05,148.6,73.33,11.39,3,2.33,12,1033,506.7,43.6,NA,Estiaje,Molloco,Agua superficial,Rio,blue,Basico,-71.99538875,-15.43174969
1348119SW007,8295800,179221,7.99,134.8,65.72,8.3,1.7,1.7,5.8,3.1,8.9,27,NA,Avenida,Molloco,Agua superficial,Rio,green,Aceptable,-71.9881646,-15.39466048
1348119SW008,8295815,179231,8.61,96.99,48.03,5.61,2.73,1.397,4.4,0.451,2.097,36,NA,Estiaje,Molloco,Agua superficial,Rio,blue,Basico,-71.98806961,-15.39452631
1348119SW008,8294956,180508,8.01,171.2,84.42,5.8,1.7,1.3,3.8,0.3,3.8,25,NA,Avenida,Molloco,Agua superficial,Rio,green,Aceptable,-71.97629583,-15.40244136
1348119SW009,8294968,180508,9.23,177.6,87.5,13.97,3.05,2.694,11.86,0.536,1.943,58.4,NA,Estiaje,Molloco,Agua superficial,Rio,blue,Basico,-71.97629429,-15.40233302
1348119SW009,8293589,178822,8.73,139.7,78.61,10.1,1.8,1.9,6.1,3.6,10.5,32,NA,Avenida,Molloco,Agua superficial,Rio,blue,Basico,-71.99216349,-15.41457256
1348119SW011,8293596,178830,8.5,235.8,116.1,31.62,1.33,3.978,4.67,0.338,60.91,56.6,NA,Estiaje,Molloco,Agua superficial,Quebrada,green,Aceptable,-71.99208813,-15.41451037
1348119SW011,8288473,188481,7.35,169.4,83.48,24,1,3.3,3.7,NA,37.1,41,NA,Avenida,Molloco,Agua superficial,Quebrada,green,Aceptable,-71.90290512,-15.46195949
1348119SW012,8288482,188491,4.45,724.3,354.7,96.7,2.44,12.97,13.05,1.575,358.8,5.8,NA,Estiaje,Molloco,Agua superficial,Quebrada,red,Acido,-71.90281089,-15.46187945
1348119SW012,8287735,187790,4.44,440.2,216.2,46,1.6,8.6,8.1,0.6,196.2,NA,NA,Avenida,Molloco,Agua superficial,Quebrada,red,Acido,-71.9094314,-15.46853855
1348119SW013,8287738,187803,8.51,83.47,41.35,3.32,2.43,0.999,3.27,0.288,1.688,23.1,NA,Estiaje,Molloco,Agua superficial,Quebrada,blue,Basico,-71.90930999,-15.46851305
1348119SW013,8293372,179510,8.73,45.04,22.26,1.9,1.5,0.6,3,NA,2.3,14,NA,Avenida,Molloco,Agua superficial,Quebrada,blue,Basico,-71.98578819,-15.41661797
1348119SW014,8293373,179500,8.18,213.2,104.9,24.29,1.35,3.834,8.44,1224,419,62.2,NA,Estiaje,Molloco,Agua superficial,Quebrada,green,Aceptable,-71.98588113,-15.41660769
1348119SW014,8286957,179428,7.86,118.8,58.73,11.4,1,1.9,5.5,0.5,23.7,24,NA,Avenida,Molloco,Agua superficial,Quebrada,green,Aceptable,-71.98738122,-15.47452564
1348119SW015,8286943,179370,8.29,259.1,127.4,33.39,1.62,4.539,6.55,0.752,67.25,62,NA,Estiaje,Molloco,Agua superficial,Quebrada,green,Aceptable,-71.987923,-15.47464474
1348119SW015,8287481,185064,7.66,279.8,137.7,23.7,1.4,3.6,5.5,0.5,55.2,31,NA,Avenida,Molloco,Agua superficial,Quebrada,green,Aceptable,-71.93484304,-15.47049681
1348119SW016,8287491,185069,8.51,176.4,86.91,18.75,2.4,3.134,7.67,0.237,1.204,83.9,NA,Estiaje,Molloco,Agua superficial,Quebrada,blue,Basico,-71.93479522,-15.47040714
1348119SW016,8298096,186487,7.98,101.8,50.34,9.8,1.3,1.5,4.4,0.2,5.9,37,NA,Avenida,Molloco,Agua superficial,Quebrada,green,Aceptable,-71.92025398,-15.37482848
1348119SW017,8298108,186494,7.3,29.51,14.95,1.91,1.45,0.481,1.76,0.634,4.024,12.8,NA,Estiaje,Molloco,Agua superficial,Quebrada,green,Aceptable,-71.92018733,-15.37472099
1348119SW017,8296085,184980,6.96,79.71,39.64,1.3,1.2,0.3,2.1,0.3,1.4,9,NA,Avenida,Molloco,Agua superficial,Quebrada,green,Aceptable,-71.93453243,-15.39280132
1348119SW128,8296086,184981,8.13,145,71.56,10.08,0.61,1.574,7.19,0.548,9.578,49.9,NA,Estiaje,Molloco,Agua superficial,Quebrada,green,Aceptable,-71.934523,-15.39279242
1348119SW128,8278227,179504,7.96,128.8,63.6,6.4,0.6,1.3,5,0.3,7.3,27,NA,Avenida,Molloco,Agua superficial,Quebrada,green,Aceptable,-71.98780833,-15.55335363
1348119SW129,8278220,179530,7.71,103.2,51.06,5.66,0.91,0.772,5.29,0.402,9.631,23.8,NA,Estiaje,Molloco,Agua superficial,Quebrada,green,Aceptable,-71.9875671,-15.55342012
1348119SW129,8278896,179391,7.3,51.17,25.57,3.4,0.9,0.6,4.6,0.4,8.3,16,NA,Avenida,Molloco,Agua superficial,Quebrada,green,Aceptable,-71.98877353,-15.54729934
1348119SW130,8278926,179396,7.81,214.6,105.8,18.1,2.74,3.174,13.81,12.9,24.94,61.3,NA,Estiaje,Molloco,Agua superficial,Rio,green,Aceptable,-71.98872305,-15.54702912
1348119SW130,8278175,179060,7.67,117.3,57.95,11.3,1.8,2.4,6.2,3,17.4,32,NA,Avenida,Molloco,Agua superficial,Rio,green,Aceptable,-71.99195024,-15.55376697
1348119SW133,8278163,179066,8.14,206.4,101.5,19.34,2.67,3.224,14.05,12.72,29.74,63.1,NA,Estiaje,Molloco,Agua superficial,Rio,green,Aceptable,-71.99189592,-15.55387607
1348119SW133,8275072,177489,8.04,124.2,61.3,12.1,1.9,2.5,7,3.3,19,33,NA,Avenida,Molloco,Agua superficial,Rio,green,Aceptable,-72.00698878,-15.58158237
1349119GW121,8275062,177501,7.12,66.1,32.89,4.15,3.3,2.768,3.65,0.622,4.255,34.8,NA,Estiaje,Alto Camana,Agua subterranea,Manantial,green,Aceptable,-72.00687833,-15.58167418
1349119GW121,8289456,221441,6.82,67.42,33.69,3.1,2.1,2.5,3.4,0.3,5.3,23,NA,Avenida,Alto Camana,Agua subterranea,Manantial,green,Aceptable,-71.59589482,-15.45689275
1349119GW134,8289446,221431,8.4,3873,1898,50.61,89.6,4.303,660.1,982.6,340.9,34.8,24.9,Estiaje,Alto Camana,Agua subterranea,Geiser,green,Aceptable,-71.59598907,-15.45698197
1349119GW134,8273538,178306,7.6,4111,2010,41.7,80.5,1.8,614.9,850.9,341.5,53,1,Avenida,Alto Camana,Agua subterranea,Geiser,green,Aceptable,-71.99958006,-15.59553572
1349119GW138,8273614,178356,7.61,349.3,171.8,28.34,4.32,16.75,16.66,1.837,71.84,120.7,NA,Estiaje,Alto Camana,Agua subterranea,Galeria,green,Aceptable,-71.99910433,-15.59485593
1349119GW138,8269490,182249,7.04,336.7,165.5,26.9,4,17.9,16.7,1.4,65.9,101,NA,Avenida,Alto Camana,Agua subterranea,Galeria Filtrante,green,Aceptable,-71.96337521,-15.63258184
1349119GW141,8269496,182253,7.53,874.9,429.2,89.98,9.84,33.25,43.68,2.485,274.8,202.4,NA,Estiaje,Alto Camana,Agua subterranea,Termal,green,Aceptable,-71.96333717,-15.63252817
1349119GW141,8269663,203172,7.47,823.4,404,86.1,8.5,34.8,44.3,2.4,262.7,165,2,Avenida,Alto Camana,Agua subterranea,Manantial,green,Aceptable,-71.7683939,-15.63356838
1349119GW146,8269660,203179,7.19,202.4,99.7,13.74,2.62,7.993,17.56,13.23,7.741,89.9,NA,Estiaje,Alto Camana,Agua subterranea,Manantial,green,Aceptable,-71.76832904,-15.6335963
1349119GW146,8269131,201679,7.18,210.2,103.5,12.6,3,8.6,17.6,16,9.2,73,NA,Avenida,Alto Camana,Agua subterranea,Manantial,green,Aceptable,-71.78237167,-15.63819621
1349119GW149,8269093,201694,7.01,240,118.1,16.31,2.38,8.956,17.97,5.057,51.04,71,NA,Estiaje,Alto Camana,Agua subterranea,Manantial,green,Aceptable,-71.78223653,-15.63854113
1349119GW149,8267764,203432,7.06,253.1,124.5,15.4,2.2,9.3,18.4,4.6,45.5,54,NA,Avenida,Alto Camana,Agua subterranea,Manantial,green,Aceptable,-71.76620157,-15.65074715
1349119GW150,8267766,203433,6.8,541.8,265.9,49.41,2.7,20.69,30.02,12.87,142.8,119.5,NA,Estiaje,Alto Camana,Agua subterranea,Manantial,green,Aceptable,-71.766192,-15.65072921
1349119GW150,8267862,206175,7.19,607.3,298.1,48.2,2.6,21.4,30,13,146,98,NA,Avenida,Alto Camana,Agua subterranea,Manantial,green,Aceptable,-71.74062592,-15.65018356
1349119GW168,8267866,206176,7.4,1441,705.5,37.39,16.6,2.671,261.7,99.65,270.5,368.3,NA,Estiaje,Alto Camana,Agua subterranea,Termal,green,Aceptable,-71.74061612,-15.65014756
1349119GW168,8267404,213687,7,1395,682,37.8,15.7,2.8,259.1,94.6,259.4,294,7,Avenida,Alto Camana,Agua subterranea,Termal,green,Aceptable,-71.6706676,-15.65518452
1349119GW169,8267401,213687,7.47,5235,2566,80.33,71.12,7.235,935.4,1187,301.3,806.6,NA,Estiaje,Alto Camana,Agua subterranea,Termal,green,Aceptable,-71.67066795,-15.65521162
1349119GW169,8267657,213910,5.88,5092,2492,77.4,71.7,7.7,915.4,1018.4,225.2,632,5,Avenida,Alto Camana,Agua subterranea,Termal,red,Acido,-71.66855947,-15.65292506
1349119GW180,8267652,213909,7.03,1530,751.6,41.51,27.12,9.95,250.7,255.2,133.3,302.4,NA,Estiaje,Alto Camana,Agua subterranea,Manantial,green,Aceptable,-71.66856937,-15.6529701
1349119GW180,8269094,216123,6.02,1640,805,38.5,30.5,10,286.7,257.1,128.4,286,4,Avenida,Alto Camana,Agua subterranea,Termal,red,Acido,-71.64776614,-15.64019788
1349119GW186,8269031,216129,6.77,1388,680.6,153.4,2.26,47.49,15.37,1.17,726.2,10,NA,Estiaje,Alto Camana,Agua subterranea,Galeria,green,Aceptable,-71.64771754,-15.6407675
1349119GW186,8277642,195879,6.65,1439,705.7,182.3,2.3,47.1,14.3,1,731.7,16,NA,Avenida,Alto Camana,Agua subterranea,Galeria,green,Aceptable,-71.83536349,-15.56065243
1349119GW188,8277222,197991,7.3,900,441.5,138.1,2.17,22.92,9.95,1.434,387.3,73.4,NA,Estiaje,Alto Camana,Agua subterranea,Galeria,green,Aceptable,-71.81574178,-15.56469744
1349119GW188,8276499,195625,7.33,772.8,379.2,131.6,1.8,22.5,8.5,0.7,345.9,48,NA,Avenida,Alto Camana,Agua subterranea,Galeria,green,Aceptable,-71.83787111,-15.5709428
1349119GW197,8276529,195653,6.15,7188,3523,129.3,78.87,12.04,1231,1624,305.5,814.2,NA,Estiaje,Alto Camana,Agua subterranea,Termal,red,Acido,-71.83760656,-15.57067527
1349119GW197,8271981,222612,6.12,6813,3339,112.1,72.9,11.4,1262.2,1012.8,232.4,673,6,Avenida,Alto Camana,Agua subterranea,Termal,red,Acido,-71.58695958,-15.61484638
1349119GW208,8271981,222624,6.27,6898,3383,61,36.83,9.84,1436,1306,619.6,1424,NA,Estiaje,Alto Camana,Agua subterranea,Termal,red,Acido,-71.58684774,-15.6148477
1349119GW211,8282964,232435,6.8,4113,2018,125,55.66,14.8,690,847,246.4,727.1,NA,Estiaje,Alto Camana,Agua subterranea,Termal,green,Aceptable,-71.49421593,-15.51670613
1349119SW113,8271920,222297,8.59,194,95.57,15.09,2.27,3.197,5.01,0.922,5.662,72.3,6,Estiaje,Alto Camana,Agua superficial,Quebrada,blue,Basico,-71.58990207,-15.61536268
1349119SW113,8268866,222297,8.38,77.5,38.48,8.1,2.1,2,4.1,0.3,5.4,37,NA,Avenida,Alto Camana,Agua superficial,Rio,green,Aceptable,-71.59024896,-15.64294467
1349119SW116,8268855,222352,5.41,169.2,83.4,6.51,3.72,0.887,11.43,0.432,60.11,5.4,NA,Estiaje,Alto Camana,Agua superficial,Quebrada,red,Acido,-71.58973758,-15.64305007
1349119SW116,8291173,221098,5,82.46,40.86,3.8,2.1,0.6,5.8,NA,29.3,NA,NA,Avenida,Alto Camana,Agua superficial,Quebrada,red,Acido,-71.59889556,-15.44134819
1349119SW117,8291178,221103,8.18,62.8,31.28,3.38,2.9,1.577,6.39,0.253,5.769,30,NA,Estiaje,Alto Camana,Agua superficial,Quebrada,green,Aceptable,-71.59884844,-15.44130357
1349119SW117,8289758,217723,7.82,435.8,214.9,2.8,2.6,1.3,3.3,NA,4.7,19,NA,Avenida,Alto Camana,Agua superficial,Quebrada,green,Aceptable,-71.63048244,-15.45375686
1349119SW118,8289788,217748,7.62,95.8,47.44,5.16,3.7,1.891,8.15,0.426,11.84,35.1,NA,Estiaje,Alto Camana,Agua superficial,Quebrada,green,Aceptable,-71.63024623,-15.45348868
1349119SW118,8290807,220759,7.32,63.21,31.47,4.3,2.7,1.7,4.9,0.2,8.9,22,NA,Avenida,Alto Camana,Agua superficial,Rio,green,Aceptable,-71.60209337,-15.44461669
1349119SW119,8290799,220760,7.68,198.8,97.5,7.1,3.96,2.241,9.72,0.539,23.58,31.7,NA,Estiaje,Alto Camana,Agua superficial,Rio,green,Aceptable,-71.60208496,-15.44468905
1349119SW119,8289637,222045,7.22,98.5,48.77,4.2,2.6,1.5,5.2,0.3,13.6,19,NA,Avenida,Alto Camana,Agua superficial,Rio,green,Aceptable,-71.59024995,-15.45532388
1349119SW120,8289631,222045,6.97,85.8,42.33,5.14,2.85,2.267,6.26,0.307,15.25,28.6,NA,Estiaje,Alto Camana,Agua superficial,Quebrada,green,Aceptable,-71.59025063,-15.45537807
1349119SW120,8290717,217983,7.31,99.02,49.14,3.5,2.1,1.6,3.9,NA,7.5,18,NA,Avenida,Alto Camana,Agua superficial,Quebrada,green,Aceptable,-71.6279522,-15.44512457
1349119SW122,8290726,217986,8.27,512.6,251.7,54.39,8.8,14.99,20.42,6.297,37.18,243.6,NA,Estiaje,Alto Camana,Agua superficial,Quebrada,green,Aceptable,-71.62792324,-15.44504362
1349119SW122,8286096,226106,8.85,259.9,127.8,31.4,4.8,8.9,10.2,0.4,10.6,129,3,Avenida,Alto Camana,Agua superficial,Quebrada,blue,Basico,-71.55282504,-15.48774453
1349119SW123,8288095,226106,8.32,164.3,80.97,11.68,3.9,4.663,9.88,0.946,24.19,63.2,NA,Estiaje,Alto Camana,Agua superficial,Rio,green,Aceptable,-71.55260352,-15.46968992
1349119SW123,8286763,226319,7.68,129,63.5,7.2,3,3.1,6.6,0.4,12.9,35,NA,Avenida,Alto Camana,Agua superficial,Rio,green,Aceptable,-71.5507673,-15.4817432
1349119SW124,8286767,226425,8.57,147.6,72.83,16.8,1.7,5,6.5,0.4,9.5,70,1,Avenida,Alto Camana,Agua superficial,Quebrada,blue,Basico,-71.54977961,-15.48171845
1349119SW126,8283843,228928,8.85,192.9,94.56,15.98,4.23,6.067,10.64,1.027,25.81,76.4,NA,Estiaje,Alto Camana,Agua superficial,Rio,blue,Basico,-71.52678853,-15.50839549
1349119SW126,8283849,228932,8.38,124.7,61.62,9.4,3,3.6,6.8,0.4,12.8,50,NA,Avenida,Alto Camana,Agua superficial,Rio,green,Aceptable,-71.52675061,-15.50834172
1349119SW127,8284012,228747,8.97,199.6,98.34,19.81,1.82,5.731,8.9,0.753,8.197,92.1,9.7,Estiaje,Alto Camana,Agua superficial,Rio,blue,Basico,-71.52845595,-15.50684979
1349119SW127,8284024,228738,8.39,132.3,65.58,11.5,1.6,3.6,5.6,0.3,8.3,51,NA,Avenida,Alto Camana,Agua superficial,Rio,green,Aceptable,-71.52853847,-15.50674045
1349119SW131,8288560,228611,8.81,918.3,450.5,54.65,12.07,14.21,106.2,107.9,134.6,194.9,NA,Estiaje,Alto Camana,Agua superficial,Rio,blue,Basico,-71.52922312,-15.46575785
1349119SW131,8288578,228607,7.76,439.8,216.1,25.3,4.9,6.8,47.3,54.2,48.5,77,NA,Avenida,Alto Camana,Agua superficial,Rio,green,Aceptable,-71.52925839,-15.46559485
1349119SW132,8273588,180974,8.49,285.1,140.2,37.57,1.35,4.419,14.41,1.943,51.68,110.6,NA,Estiaje,Alto Camana,Agua superficial,Quebrada,green,Aceptable,-71.97472044,-15.59542223
1349119SW132,8273611,180972,8.36,186.3,91.77,22.3,1.1,4,7.3,0.6,24.3,66,NA,Avenida,Alto Camana,Agua superficial,Quebrada,green,Aceptable,-71.97473608,-15.59521433
1349119SW136,8275208,184107,8.55,988.5,485.1,55.36,12.7,14.94,103.6,113.9,131.7,183.5,NA,Estiaje,Alto Camana,Agua superficial,Rio,blue,Basico,-71.94532638,-15.58118892
1349119SW136,8275399,183759,8.32,447.9,220,26.5,5.2,7.1,50.5,56.5,50.7,79,NA,Avenida,Alto Camana,Agua superficial,Rio,green,Aceptable,-71.94854336,-15.57942099
1349119SW137,8273388,178344,8.05,1042,511.3,56.7,15.38,14.48,127.7,148.9,144.4,182.8,NA,Estiaje,Alto Camana,Agua superficial,Rio,green,Aceptable,-71.99924576,-15.5968948
1349119SW137,8273385,178299,7.69,493.5,242.2,26.3,5.8,6.9,54.7,62.2,51.7,78,NA,Avenida,Alto Camana,Agua superficial,Rio,green,Aceptable,-71.99966534,-15.59691616
1349119SW139,8273930,178150,5,665.1,326.3,92.97,2.16,16.35,8.89,3.107,307.1,5.1,NA,Estiaje,Alto Camana,Agua superficial,Quebrada,red,Acido,-72.00098176,-15.59197679
1349119SW139,8273922,821648,5.73,480.5,236.2,61.2,1.4,11,6.5,0.3,200.8,3,NA,Avenida,Alto Camana,Agua superficial,Rio,red,Acido,-66.00089882,-15.5920747
1349119SW140,8274449,195428,8.25,801.9,393.6,130.3,3.55,16.85,14.44,0.971,291.5,133,NA,Estiaje,Alto Camana,Agua superficial,Quebrada,green,Aceptable,-71.83996068,-15.58942979
1349119SW140,8274453,195433,8.17,278.3,136.9,36.5,1.3,4.7,6.4,0.4,65.8,55,NA,Avenida,Alto Camana,Agua superficial,Quebrada,green,Aceptable,-71.8399136,-15.58939427
1349119SW142,8273799,196536,7.76,277.3,136.4,19.76,3.93,4.16,16.46,0.71,76.88,41.2,NA,Estiaje,Alto Camana,Agua superficial,Quebrada,green,Aceptable,-71.82971874,-15.59543221
1349119SW142,8273845,196599,7.71,182.3,89.91,12.6,3.6,3,12.5,0.4,40.2,31,NA,Avenida,Alto Camana,Agua superficial,Quebrada,green,Aceptable,-71.8291261,-15.5950244
1349119SW143,8272488,200592,8.87,891.5,437.3,39.48,11,11.26,116.3,126,85.56,165.1,14.4,Estiaje,Alto Camana,Agua superficial,Rio,blue,Basico,-71.79209035,-15.60775392
1349119SW143,8272533,200641,9.21,420,206.3,22.6,5.4,6.4,56.1,63.3,33,79,5,Avenida,Alto Camana,Agua superficial,Rio,blue,Basico,-71.7916283,-15.60735337
1349119SW144,8269648,202843,8.51,834.1,409.2,41.28,12.2,12.23,103,100.1,94.03,142,23,Estiaje,Alto Camana,Agua superficial,Rio,blue,Basico,-71.7714616,-15.6336651
1349119SW144,8269650,202846,8.68,475.6,233.4,22.5,5.4,6.6,56.6,63.9,32.2,81,3,Avenida,Alto Camana,Agua superficial,Rio,blue,Basico,-71.7714334,-15.63364739
1349119SW144A,8270608,198685,7.81,1032,506.4,47.06,15.34,13.01,128.1,151.8,107.2,203.7,NA,Estiaje,Alto Camana,Agua superficial,Rio,green,Aceptable,-71.81008996,-15.62450326
1349119SW145,8270606,198687,7.43,442.4,217.8,18.08,6.85,10.67,48.33,74.74,21.39,94.2,NA,Estiaje,Alto Camana,Agua superficial,Quebrada,green,Aceptable,-71.81007157,-15.62452156
1349119SW145,8272908,196287,7.91,371.6,182.6,15.1,4.7,9.6,33.8,43.9,14.9,74,NA,Avenida,Alto Camana,Agua superficial,Quebrada,green,Aceptable,-71.83214899,-15.60344773
1349119SW147,8269242,201755,8.67,910.2,445.7,38.32,11.5,9.313,126.2,135.9,78.32,178.3,13.2,Estiaje,Alto Camana,Agua superficial,Rio,blue,Basico,-71.78164989,-15.63720287
1349119SW147,8269221,201772,9.21,461.3,226.7,21.7,5.6,6,57.1,65.9,32.7,76,6,Avenida,Alto Camana,Agua superficial,Rio,blue,Basico,-71.78149403,-15.63739451
1349119SW152,8268525,206955,8.6,205.7,101.3,16.88,4.23,5.998,10.44,1.017,25.43,79.2,NA,Estiaje,Alto Camana,Agua superficial,Rio,blue,Basico,-71.73327694,-15.64428727
1349119SW152,8268513,206979,8.47,144.1,71.23,14.3,2.7,4.3,6,0.4,12.5,58,NA,Avenida,Alto Camana,Agua superficial,Rio,green,Aceptable,-71.73305471,-15.64439842
1349119SW153,8283255,228638,8.48,471.9,232.4,18.63,4.68,4.185,63.37,88.69,22.44,70.4,NA,Estiaje,Alto Camana,Agua superficial,Rio,green,Aceptable,-71.52955458,-15.51367536
1349119SW153,8283258,228636,8.78,442.2,217.2,20.1,4.3,4.4,53.5,76,21.3,61,NA,Avenida,Alto Camana,Agua superficial,Rio,blue,Basico,-71.52957288,-15.51364805
1349119SW154,8285033,235437,8.68,196.2,96.78,15.31,3.16,4.7,7.39,1.613,22.7,85.4,NA,Estiaje,Alto Camana,Agua superficial,Rio,blue,Basico,-71.46602836,-15.49833231
1349119SW154,8285022,235377,9.02,153.3,75.65,17.1,2.5,4.5,6.7,0.5,20.6,52,NA,Avenida,Alto Camana,Agua superficial,Rio,blue,Basico,-71.46658843,-15.49842543
1349119SW155,8281764,226593,8.68,481.9,236.6,18.57,4.66,4.082,65.45,90.37,22.29,77.3,NA,Estiaje,Alto Camana,Agua superficial,Rio,blue,Basico,-71.54876938,-15.52692272
1349119SW155,8281765,226599,8.8,438.6,215.4,20.7,4.4,4.6,55.7,76.2,21.8,64,NA,Avenida,Alto Camana,Agua superficial,Rio,blue,Basico,-71.54871338,-15.52691434
1349119SW156,8283017,232456,8.78,470.4,230.7,19.73,5.19,4.315,69.59,89.12,22.91,75.8,NA,Estiaje,Alto Camana,Agua superficial,Rio,blue,Basico,-71.49401455,-15.51622964
1349119SW156,8282915,232430,8.77,442.5,217.3,21.4,4.7,4.8,58.2,76,22.1,64,NA,Avenida,Alto Camana,Agua superficial,Rio,blue,Basico,-71.49426783,-15.51714818
1349119SW157,8282004,230391,8.28,507.1,249.1,16.7,4.65,4.006,63.62,88.06,22.46,84.2,NA,Estiaje,Alto Camana,Agua superficial,Rio,green,Aceptable,-71.51336183,-15.52516095
1349119SW157,8282004,230387,8.55,432.5,212.4,21.5,4.5,4.9,55,71.4,21.6,64,NA,Avenida,Alto Camana,Agua superficial,Rio,blue,Basico,-71.5133991,-15.52516053
1349119SW158,8280863,227064,8,608.8,298.8,54.02,5.55,21.09,33,30,155.3,119.7,NA,Estiaje,Alto Camana,Agua superficial,Quebrada,green,Aceptable,-71.54448159,-15.53511105
1349119SW158,8280859,227099,7.79,510.1,269.9,61.6,5.3,23.5,33.3,19.6,163.7,94,1,Avenida,Alto Camana,Agua superficial,Quebrada,green,Aceptable,-71.54415597,-15.53515094
1349119SW159,8267411,207641,9.17,937.1,457.7,40.92,13.48,10.09,126.6,135.6,83.63,146.2,30.2,Estiaje,Alto Camana,Agua superficial,Rio,blue,Basico,-71.72701712,-15.6544268
1349119SW159,8267941,206598,8.95,513.7,252.2,29,7,7.1,70.6,77.9,44.9,93,2,Avenida,Alto Camana,Agua superficial,Rio,blue,Basico,-71.73667417,-15.64951946
1349119SW160,8268308,206628,9.26,961,471.4,38.28,12.45,8.75,142.3,143.3,78.11,123.5,37.6,Estiaje,Alto Camana,Agua superficial,Rio,blue,Basico,-71.73635049,-15.64620882
1349119SW160,8268308,206634,8.9,537.9,264.1,28,7,6.4,77.2,89.5,40.7,91,2,Avenida,Alto Camana,Agua superficial,Rio,blue,Basico,-71.73629457,-15.64620951
1349119SW162,8267310,209284,9.05,1062,521.1,42.83,15.15,9.766,158.4,167.7,83.14,149.3,31.5,Estiaje,Alto Camana,Agua superficial,Rio,blue,Basico,-71.71171623,-15.65552905
1349119SW162,8267306,209286,9.37,498.6,244.8,28,7.5,6.6,74.2,84.1,37.3,83,6,Avenida,Alto Camana,Agua superficial,Rio,blue,Basico,-71.71169807,-15.6555654
1349119SW163,8267316,211859,8.09,419.9,206.3,26.41,9.42,8.307,34.54,29,63.98,101.9,NA,Estiaje,Alto Camana,Agua superficial,Quebrada,green,Aceptable,-71.68771574,-15.65577077
1349119SW163,8267319,211851,8.42,293.1,144.1,22,8.5,9.1,24.5,11,45.7,80,NA,Avenida,Alto Camana,Agua superficial,Quebrada,green,Aceptable,-71.68778995,-15.65574276
1349119SW164,8267003,211808,8.41,322.6,158.6,18.66,7.48,6.669,21.52,9.4,44.2,82.3,NA,Estiaje,Alto Camana,Agua superficial,Rio,green,Aceptable,-71.68822805,-15.65859154
1349119SW164,8267004,211810,8.42,270,132.8,21.1,8,9,20.1,3.7,44.2,80,NA,Avenida,Alto Camana,Agua superficial,Rio,green,Aceptable,-71.68820929,-15.65858274
1349119SW165,8266752,211166,8.46,260.6,128.2,22.49,3.21,6.663,15.24,0.854,48.17,96.5,NA,Estiaje,Alto Camana,Agua superficial,Rio,green,Aceptable,-71.69424153,-15.66078467
1349119SW165,8266763,211170,7.8,172.2,85.2,15.9,2.8,5.4,9.9,0.4,28.1,51,NA,Avenida,Alto Camana,Agua superficial,Rio,green,Aceptable,-71.69420294,-15.6606858
1349119SW166,8269426,209031,8.01,234.4,115.4,12.2,6.5,3.3,28.6,38.7,14.4,45,NA,Avenida,Alto Camana,Agua superficial,Quebrada,green,Aceptable,-71.71382213,-15.63639128
1349119SW167,8269428,209026,8.33,982.4,483.4,33.5,12.07,7.223,151.8,170.8,73.49,181.7,7.5,Estiaje,Alto Camana,Agua superficial,Rio,green,Aceptable,-71.71386848,-15.63637264
1349119SW167,8265588,213181,8.51,555.6,273.1,25.4,6.9,5.8,76.8,88.9,38,95,2,Avenida,Alto Camana,Agua superficial,Rio,blue,Basico,-71.67559732,-15.67152685
1349119SW170,8265598,213188,7.96,79,39.29,5.81,4.11,2.124,5.13,0.814,6.064,40.7,NA,Estiaje,Alto Camana,Agua superficial,Quebrada,green,Aceptable,-71.67553089,-15.67143734
1349119SW170,8267179,213574,7.13,55.92,27.94,4.1,2.6,1.6,3.6,0.2,3.4,24,NA,Avenida,Alto Camana,Agua superficial,Quebrada,green,Aceptable,-71.67174723,-15.65720361
1349119SW172,8287192,213557,9,459.5,225.5,18.37,4.81,4.051,61.92,77.01,22.04,59.8,16.9,Estiaje,Alto Camana,Agua superficial,Rio,blue,Basico,-71.66957159,-15.47646638
1349119SW172,8276930,221831,7.71,437.9,215.1,21.3,4.5,4.8,56.2,75.5,20,67,NA,Avenida,Alto Camana,Agua superficial,Rio,green,Aceptable,-71.59367635,-15.57006391
1349119SW173,8276926,221830,8.05,131.8,65.12,9.49,3.41,4.333,5.87,1.095,5.452,67,NA,Estiaje,Alto Camana,Agua superficial,Quebrada,green,Aceptable,-71.59368612,-15.57009993
1349119SW173,8280416,225733,7.49,116.9,57.76,12.3,2.6,4.4,5.3,0.6,6.2,55,NA,Avenida,Alto Camana,Agua superficial,Quebrada,green,Aceptable,-71.55693097,-15.53900481
1349119SW174,8280416,225733,9.2,490.1,241,18.17,5.05,4.572,60.08,78.3,22.4,65.7,19.3,Estiaje,Alto Camana,Agua superficial,Rio,blue,Basico,-71.55693097,-15.53900481
1349119SW174,8277217,224745,8.16,435.9,213.5,22.6,4.5,5.2,54.5,74.2,21.2,71,NA,Avenida,Alto Camana,Agua superficial,Rio,green,Aceptable,-71.56649344,-15.56779016
1349119SW175,8277216,224742,8.45,1708,837.1,45.89,18.86,8.884,279.4,363.3,75.34,258.3,NA,Estiaje,Alto Camana,Agua superficial,Rio,green,Aceptable,-71.5665215,-15.56779886
1349119SW175,8278250,224952,7.94,502,247.5,21.7,4.9,5,65.5,90.2,22.9,77,1,Avenida,Alto Camana,Agua superficial,Rio,green,Aceptable,-71.56444909,-15.55848293
1349119SW176,8278257,224961,9,493.4,242.3,20.19,4.8,4.946,59.05,69.68,21.21,391.6,46.8,Estiaje,Alto Camana,Agua superficial,Rio,blue,Basico,-71.56436445,-15.55842068
1349119SW176,8271285,221674,8.04,421.5,207,22.2,4.5,5.3,53.5,71.2,20.1,69,1,Avenida,Alto Camana,Agua superficial,Rio,green,Aceptable,-71.59578022,-15.62102903
1349119SW177,8271309,221701,8.47,239.1,117.6,17.7,2.59,5.304,8.99,3.395,20.97,93.7,7.3,Estiaje,Alto Camana,Agua superficial,Quebrada,green,Aceptable,-71.59552586,-15.62081525
1349119SW177,8274607,223204,7.9,191.3,94.24,20.4,3.2,8.1,8.5,1.3,19,77,1,Avenida,Alto Camana,Agua superficial,Quebrada,green,Aceptable,-71.58114579,-15.59119457
1349119SW178,8274614,223203,8.4,285.8,140.6,33,6.6,8.2,13.8,1.5,38.8,101,2,Avenida,Alto Camana,Agua superficial,Quebrada,green,Aceptable,-71.58115432,-15.59113124
1349119SW179,8272710,222975,7.75,231.2,113.9,23.6,1.79,5.527,6.03,0.461,78.48,29.7,NA,Estiaje,Alto Camana,Agua superficial,Rio,green,Aceptable,-71.58349417,-15.60830227
1349119SW179,8272712,222969,6.86,163.7,80.74,18,2.1,5,4.9,0.2,48.1,18,NA,Avenida,Alto Camana,Agua superficial,Quebrada,green,Aceptable,-71.58354985,-15.60828354
1349119SW181,8271195,216145,7.15,487.8,239.6,69.69,0.79,7.759,5.9,0.396,197.7,29.3,NA,Estiaje,Alto Camana,Agua superficial,Quebrada,green,Aceptable,-71.64731716,-15.62122619
1349119SW181,8271182,216174,7.65,402.2,197.6,69.9,0.7,7,4.9,0.3,157.3,29,NA,Avenida,Alto Camana,Agua superficial,Quebrada,green,Aceptable,-71.64704841,-15.62134686
1349119SW182,8271217,216884,7.39,488.8,240,70.06,0.86,6.829,5.9,0.443,207.7,34.7,NA,Estiaje,Alto Camana,Agua superficial,Quebrada,green,Aceptable,-71.64042774,-15.6211105
1349119SW182,8271230,216891,7.73,387.7,190.6,62,0.7,6.6,4.7,0.2,158.9,32,NA,Avenida,Alto Camana,Agua superficial,Quebrada,green,Aceptable,-71.640361,-15.62099388
1349119SW183,8280481,195119,7.82,62.5,31.07,7.4,1.2,1.2,2.4,0.3,6.9,24,NA,Avenida,Alto Camana,Agua superficial,Quebrada,green,Aceptable,-71.84209092,-15.5349261
1349119SW183A,8280255,194949,4.81,627.2,308.5,78.75,1.81,14.24,7.96,0.387,294.7,NA,NA,Estiaje,Alto Camana,Agua superficial,Quebrada,red,Acido,-71.84370225,-15.53694637
1349119SW184,8278053,195834,8.22,276.3,135.9,31.78,1.14,3.516,5.75,0.715,52.84,80,NA,Estiaje,Alto Camana,Agua superficial,Quebrada,green,Aceptable,-71.83573179,-15.55693584
1349119SW184,8278086,195831,8.08,192.2,94.67,27.7,1.1,3,5.2,0.4,35.9,55,NA,Avenida,Alto Camana,Agua superficial,Quebrada,green,Aceptable,-71.83575565,-15.5566375
1349119SW185,8279447,193591,7.54,715.6,351.2,90.68,1.33,13.78,8.02,2.563,261.7,44.6,NA,Estiaje,Alto Camana,Agua superficial,Quebrada,green,Aceptable,-71.85645093,-15.54407869
1349119SW185,8276192,194928,7.65,457.9,224.8,73.3,0.9,9.3,5.3,0.3,181.7,26,NA,Avenida,Alto Camana,Agua superficial,Quebrada,green,Aceptable,-71.84440205,-15.57363103
1349119SW187,8277208,198002,4.3,804.1,394.2,79.99,1.97,15.18,8.27,0.413,308.9,NA,NA,Estiaje,Alto Camana,Agua superficial,Quebrada,red,Acido,-71.81564103,-15.56482517
1349119SW187,8277229,197983,4.94,510.2,250.5,69.2,1.6,12.8,6.5,0.9,219.2,51,NA,Avenida,Alto Camana,Agua superficial,Quebrada,red,Acido,-71.81581544,-15.56463328
1349119SW189,8276216,195631,7.98,183.8,90.56,8.93,4.45,3.095,5.16,0.496,8.621,55.6,NA,Estiaje,Alto Camana,Agua superficial,Quebrada,green,Aceptable,-71.8378503,-15.5734989
1349119SW189,8276223,195620,7.89,117.8,58.21,8.5,3.8,3.4,4.4,0.5,22.4,24,NA,Avenida,Alto Camana,Agua superficial,Quebrada,green,Aceptable,-71.8379519,-15.57343437
1349119SW190,8275613,195263,8.24,167.9,82.76,11.75,5.26,4.028,6.21,0.579,16.2,61.9,NA,Estiaje,Alto Camana,Agua superficial,Quebrada,green,Aceptable,-71.84135326,-15.57889949
1349119SW190,8275609,195270,7.97,146.3,72.21,12.3,4.6,4.9,5.4,0.5,34.5,25,NA,Avenida,Alto Camana,Agua superficial,Quebrada,green,Aceptable,-71.84128854,-15.57893645
1349119SW191,8264863,223942,5.09,1050,502.1,82.59,1.78,14.76,8.25,0.531,313.3,4.7,NA,Estiaje,Alto Camana,Agua superficial,Quebrada,red,Acido,-71.57536958,-15.6792785
1349119SW191,8264864,223938,5.45,472.2,231.7,79.5,1.4,12.4,6.4,0.3,208.6,3,NA,Avenida,Alto Camana,Agua superficial,Quebrada,red,Acido,-71.57540676,-15.67926903
1349119SW193,8265140,223440,8.79,255.7,125.8,18.47,5.03,4.744,21.86,26.01,15.19,81.5,NA,Estiaje,Alto Camana,Agua superficial,Quebrada,blue,Basico,-71.58001793,-15.67672163
1349119SW193,8265141,223440,8.43,231.3,113.8,22.5,4.9,6.3,12.4,10,35.3,59,NA,Avenida,Alto Camana,Agua superficial,Quebrada,green,Aceptable,-71.58001781,-15.6767126
1349119SW194,8275305,195245,9.11,306.6,150.7,25.5,4.7,4.357,22.93,18.09,38.88,80,14.1,Estiaje,Alto Camana,Agua superficial,Quebrada,blue,Basico,-71.84155919,-15.58167843
1349119SW194,8275317,195253,8.4,114.7,56.71,11.3,4.5,2.6,7.7,1.2,13.5,41,NA,Avenida,Alto Camana,Agua superficial,Quebrada,green,Aceptable,-71.84148317,-15.58157104
1349119SW195,8267674,219453,9.14,736.9,361.6,28.37,8.65,6.705,105.5,129.2,43.17,137.9,10.7,Estiaje,Alto Camana,Agua superficial,Rio,blue,Basico,-71.61689328,-15.65339496
1349119SW195,8267677,219457,8.35,555.9,272.9,26,5.5,6.3,72.9,88.9,27.8,87,1,Avenida,Alto Camana,Agua superficial,Rio,green,Aceptable,-71.61685565,-15.65336832
1349119SW196,8267452,218985,8.65,980.1,480.7,31.27,11.01,6.674,138.8,174.8,54.73,173.3,NA,Estiaje,Alto Camana,Agua superficial,Rio,blue,Basico,-71.62128098,-15.65534772
1349119SW196,8267447,218983,8.39,578.3,283.9,24.5,6,5.8,80,101.4,31.8,89,1,Avenida,Alto Camana,Agua superficial,Rio,green,Aceptable,-71.6213002,-15.65539265
1349119SW198,8267523,217906,8.19,672.2,320.1,29.57,12.2,7.173,82.08,73.52,70.91,143.5,NA,Estiaje,Alto Camana,Agua superficial,Rio,green,Aceptable,-71.63132996,-15.65458589
1349119SW198,8267465,218098,8.03,563.5,276.2,29.1,10.4,7.8,63.7,60.1,66.4,111,2,Avenida,Alto Camana,Agua superficial,Quebrada,green,Aceptable,-71.62954707,-15.65513119
1349119SW206,8268908,216069,7.65,86.03,42.66,2.71,2.61,1.132,2,0.588,2.854,21,NA,Estiaje,Alto Camana,Agua superficial,Quebrada,green,Aceptable,-71.64829104,-15.64187156
1349119SW207,8268913,216071,8.33,201.8,99.4,14.53,5.85,4.739,7.71,1.177,22.77,88.2,NA,Estiaje,Alto Camana,Agua superficial,Quebrada,green,Aceptable,-71.64827182,-15.64182663
1349119SW212,8269186,216156,8.63,834.5,409.3,41.48,11.93,12.34,109.1,107.9,94.15,158.8,11.8,Estiaje,Alto Camana,Agua superficial,Rio,blue,Basico,-71.64744789,-15.63937074
49999119GW024,8269182,216168,6.88,5669,2778,114.5,39.62,14.62,1120,11.42,14.77,1158,NA,Estiaje,Hornillos Alto,Agua subterranea,Termal,green,Aceptable,-71.64733652,-15.63940821
49999119GW024,8262499,222098,6.37,5636,2762,NA,NA,NA,NA,984.9,524.2,935,12,Avenida,Alto Camana,Agua subterranea,Valle,red,Acido,-71.59282968,-15.70042553
49999119GW038,8268246,221431,7.55,54.35,27.13,4.5,1.9,1.2,3.1,0.4,3.6,22,NA,Avenida,Hornillos Alto,Agua subterranea,Manantial,green,Aceptable,-71.59839126,-15.64844856
49999119GW088,8269733,200623,6.52,5612,2750,295.5,28.37,19.14,904.6,0.778,48.39,813.5,NA,Estiaje,Hornillos Alto,Agua subterranea,Termal,green,Aceptable,-71.79213861,-15.63263506
49999119GW088,8321695,213776,6.62,5671,2779,266.6,21.1,16.5,748,1176.4,443.7,504,2,Avenida,Hornillos Alto,Agua subterranea,Termal,green,Aceptable,-71.66358256,-15.16488981
49999119GW199,8321697,213772,7.44,92.56,45.75,5.61,2.54,1.744,4.36,12.11,17.19,37.9,NA,Estiaje,Hornillos Alto,Agua subterranea,Manantial,green,Aceptable,-71.66361953,-15.16487131
49999119GW200,8319674,206110,7.64,140.8,69.17,3.47,2.7,1.981,5.89,NA,NA,37.4,NA,Estiaje,Hornillos Alto,Agua subterranea,Manantial,green,Aceptable,-71.7350994,-15.18228709
49999119GW202,8319666,206110,7,120.7,59.64,4.43,3.7,1.892,4.63,NA,NA,33.7,NA,Estiaje,Hornillos Alto,Agua subterranea,Manantial,green,Aceptable,-71.73510033,-15.18235934
49999119GW203,8322985,205797,7.17,31.4,15.89,2.17,1.82,0.62,2.22,0.653,12.99,17.3,NA,Estiaje,Hornillos Alto,Agua subterranea,Manantial,green,Aceptable,-71.73762477,-15.15235101
49999119SW018,8323340,206026,7.25,145.6,73.18,2.2,3.3,1,2.9,0.2,1.5,18,NA,Avenida,Hornillos Alto,Agua superficial,Quebrada,green,Aceptable,-71.73545439,-15.14917094
49999119SW019,8309388,217251,8.07,658.4,323.1,27.27,6.74,8.005,80.51,61.55,41.96,206.5,NA,Estiaje,Hornillos Alto,Agua superficial,Quebrada,green,Aceptable,-71.63265055,-15.27641962
49999119SW019,8307522,216882,6.96,59.97,29.88,4.6,1.4,1.1,5.7,1.7,2.3,26,NA,Avenida,Hornillos Alto,Agua superficial,Rio,green,Aceptable,-71.6362944,-15.29323177
49999119SW021,8302063,208930,8.4,441,216.6,NA,NA,2297,NA,NA,3243,NA,NA,Estiaje,Hornillos Alto,Agua superficial,Quebrada,green,Aceptable,-71.71091731,-15.34164649
49999119SW021,8311250,204030,7.65,101.2,50.26,7.9,1.9,1.4,7.8,4.3,1.8,36,NA,Avenida,Hornillos Alto,Agua superficial,Quebrada,green,Aceptable,-71.75543079,-15.25812454
49999119SW022,8311082,211680,7.65,3048,1494,65.55,25.29,9.866,599.6,599.4,305.4,623.1,NA,Estiaje,Hornillos Alto,Agua superficial,Quebrada,green,Aceptable,-71.68428663,-15.26050551
49999119SW022,8311053,211672,6.85,256.9,126.4,8.3,2.2,1.7,29.3,22.8,12.2,48,NA,Avenida,Hornillos Alto,Agua superficial,Quebrada,green,Aceptable,-71.68436438,-15.26076651
49999119SW023,8325702,212576,8.44,241.1,118.6,27.63,2.83,2.754,14.39,4.084,3.849,126.6,NA,Estiaje,Hornillos Alto,Agua superficial,Quebrada,green,Aceptable,-71.67428624,-15.1285696
49999119SW023,8325706,212573,7.94,260.5,127.1,33.3,2,3,11,2,2.4,114,1,Avenida,Hornillos Alto,Agua superficial,Quebrada,green,Aceptable,-71.67431368,-15.12853315
49999119SW025,8318423,214154,8.41,354.6,174.3,18.32,2.9,2.504,11.35,4.183,2.752,37,NA,Estiaje,Hornillos Alto,Agua superficial,Quebrada,green,Aceptable,-71.66043783,-15.1944817
49999119SW025,8318423,214157,7.55,143.9,71,14.8,2,2,9.7,3,1.9,62,NA,Avenida,Hornillos Alto,Agua superficial,Quebrada,green,Aceptable,-71.66040993,-15.19448203
49999119SW026,8321529,213800,7.46,181.3,39.05,20.45,2.73,3.136,10.25,6.479,30.16,62.4,NA,Estiaje,Hornillos Alto,Agua superficial,Rio,green,Aceptable,-71.66337817,-15.16639164
49999119SW026,8321527,213795,7.73,149.5,73.81,15.2,1.9,2.2,6,2.4,20.5,34,NA,Avenida,Hornillos Alto,Agua superficial,Rio,green,Aceptable,-71.66342489,-15.16640916
49999119SW027,8318481,213552,7.49,137.6,67.3,12.49,1.56,2.572,3.55,0.259,11.57,48.6,NA,Estiaje,Hornillos Alto,Agua superficial,Quebrada,green,Aceptable,-71.66602987,-15.1938916
49999119SW027,8318481,213560,7.39,70.21,34.9,8.4,1.5,1.6,2.9,NA,7,27,NA,Avenida,Hornillos Alto,Agua superficial,Quebrada,green,Aceptable,-71.66595547,-15.19389248
49999119SW028,8320088,214459,8.57,170.1,84,20.59,0.88,4.013,7.86,0.127,18.88,84.2,NA,Estiaje,Hornillos Alto,Agua superficial,Quebrada,blue,Basico,-71.65741303,-15.17947811
49999119SW028,8320099,214472,7.62,47.8,23.92,7.6,0.5,1.2,2.1,NA,8.1,21,NA,Avenida,Hornillos Alto,Agua superficial,Quebrada,green,Aceptable,-71.65729089,-15.1793802
49999119SW029,8320453,214602,8.26,99.85,49.44,17.34,3.07,2.856,7.92,4.764,27.71,50.7,NA,Estiaje,Hornillos Alto,Agua superficial,Rio,green,Aceptable,-71.65604199,-15.17619737
49999119SW029,8320474,214627,8.45,154.3,76.4,14.8,1.8,2.1,5.2,2.1,19,33,NA,Avenida,Hornillos Alto,Agua superficial,Rio,green,Aceptable,-71.65580713,-15.17601046
49999119SW031,8323040,211895,8.58,148.7,73.1,9.56,2.1,0.956,19.97,0.411,9.866,77.5,NA,Estiaje,Hornillos Alto,Agua superficial,Quebrada,blue,Basico,-71.68092021,-15.1525355
49999119SW031,8323038,211902,7.81,53.74,26.83,4.3,0.8,0.5,5.7,NA,3.6,23,NA,Avenida,Hornillos Alto,Agua superficial,Quebrada,green,Aceptable,-71.68085535,-15.15255433
49999119SW032,8327223,208796,8.95,89.85,44.53,16.25,3.01,2.772,7.66,4.227,24.29,50.4,NA,Estiaje,Hornillos Alto,Agua superficial,Rio,blue,Basico,-71.70925406,-15.11441461
49999119SW032,8327256,208780,7.72,150.3,74.44,16.2,2,2.3,5.1,1.1,28.2,32,NA,Avenida,Hornillos Alto,Agua superficial,Rio,green,Aceptable,-71.70939901,-15.11411481
49999119SW033,8320468,213390,9.19,86.94,43.18,16.22,2.96,2.751,5.6,1.869,25.92,47.8,NA,Estiaje,Hornillos Alto,Agua superficial,Rio,blue,Basico,-71.66731096,-15.17592869
49999119SW033,8320601,213784,7.93,152.6,75.49,16.9,2,2.4,4,1,26.6,31,NA,Avenida,Hornillos Alto,Agua superficial,Rio,green,Aceptable,-71.66363202,-15.1747709
49999119SW036,8323394,208550,8.87,1586,777.9,82.71,8.63,5.944,215.4,286.8,115.6,198.8,13.4,Estiaje,Hornillos Alto,Agua superficial,Quebrada,blue,Basico,-71.71198106,-15.14896666
49999119SW036,8323392,208554,7.73,293.5,147.8,21.3,1.5,1.6,32.9,38.7,29.2,53,NA,Avenida,Hornillos Alto,Agua superficial,Quebrada,green,Aceptable,-71.71194409,-15.14898517
49999119SW037,8320613,211299,8.23,153.5,65.67,18.89,0.82,1.287,5.23,0.632,46.2,29.9,NA,Estiaje,Hornillos Alto,Agua superficial,Quebrada,green,Aceptable,-71.68673884,-15.17438804
49999119SW037,8320563,211675,7.72,104.9,51.8,13.4,0.5,0.9,3.1,0.2,25,21,NA,Avenida,Hornillos Alto,Agua superficial,Quebrada,green,Aceptable,-71.68324813,-15.17488128
49999119SW039,8320231,208675,8.7,56.59,28.23,2.69,2.79,1.307,6.4,0.499,1.339,35,NA,Estiaje,Hornillos Alto,Agua superficial,Quebrada,blue,Basico,-71.71118312,-15.17754543
49999119SW039,8320318,208787,7.47,135.2,66.9,3,2.7,1.3,4.1,0.4,2.5,24,NA,Avenida,Hornillos Alto,Agua superficial,Quebrada,green,Aceptable,-71.71013161,-15.17677228
49999119SW040,8321871,206615,7.94,239.5,117.8,30.23,1.89,4.249,5.86,0.596,64.29,57.2,NA,Estiaje,Hornillos Alto,Agua superficial,Rio,green,Aceptable,-71.73014844,-15.16250351
49999119SW040,8322437,206542,7.76,151.2,74.78,16.3,0.8,2.1,3.3,0.2,31.5,34,NA,Avenida,Hornillos Alto,Agua superficial,Rio,green,Aceptable,-71.73076156,-15.15738386
49999119SW041,8325073,203149,7.49,46.3,23.19,3.6,1.9,1.6,2.8,0.3,2.6,22,NA,Avenida,Hornillos Alto,Agua superficial,Rio,green,Aceptable,-71.76199993,-15.13319499
49999119SW042,8325275,203097,8.49,92.14,45.61,5.79,4.32,2.976,7.15,2.744,5.763,43.9,NA,Estiaje,Hornillos Alto,Agua superficial,Rio,green,Aceptable,-71.7624597,-15.13136491
49999119SW042,8296489,208142,7.57,67.26,33.47,3.8,2.4,1.7,2.9,0.6,4,23,NA,Avenida,Hornillos Alto,Agua superficial,Rio,green,Aceptable,-71.71890332,-15.39189434
49999119SW043,8296499,208134,8.99,73.26,36.37,4.2,3.1,2.142,6.46,0.476,1.261,45.1,NA,Estiaje,Hornillos Alto,Agua superficial,Rio,blue,Basico,-71.71897662,-15.39180313
49999119SW043,8295474,202075,7.72,49.83,24.91,3,2.3,1.4,3.5,0.3,3.2,24,NA,Avenida,Hornillos Alto,Agua superficial,Rio,green,Aceptable,-71.77549705,-15.40036228
49999119SW044,8295455,202029,8.61,96.59,47.83,5.35,3.58,2.522,6.08,0.741,3.957,45.9,NA,Estiaje,Hornillos Alto,Agua superficial,Rio,blue,Basico,-71.7759275,-15.40052851
49999119SW044,8297876,208718,7.95,80.56,39.97,4.8,1.8,1.7,2.9,0.5,7.7,21,NA,Avenida,Hornillos Alto,Agua superficial,Rio,green,Aceptable,-71.71337938,-15.37943423
49999119SW045,8297892,208725,7.49,145.5,71.8,9.78,4.26,2.868,6.22,1.774,14.41,45.6,NA,Estiaje,Hornillos Alto,Agua superficial,Rio,green,Aceptable,-71.71331235,-15.37929054
49999119SW045,8294811,203738,8.16,97.11,48.03,9.7,2.4,2.1,3.8,0.5,16.7,29,NA,Avenida,Hornillos Alto,Agua superficial,Rio,green,Aceptable,-71.76009635,-15.40654221
49999119SW046,8294858,203711,7.87,113.2,55.97,3.9,2.8,2.347,4.87,0.334,1.384,39.8,NA,Estiaje,Hornillos Alto,Agua superficial,Rio,green,Aceptable,-71.76034208,-15.40611466
49999119SW046,8299540,209434,7.83,51.03,25.51,3,2.4,1.5,3.6,0.3,1.9,24,NA,Avenida,Hornillos Alto,Agua superficial,Rio,green,Aceptable,-71.70652088,-15.36448818
49999119SW047,8299568,209472,9.49,100.9,49.94,8.7,2.9,3.1,5.1,0.8,14.2,34,NA,Avenida,Hornillos Alto,Agua superficial,Rio,blue,Basico,-71.70616394,-15.36423961
49999119SW048,8303148,211464,9.08,145.6,71.87,7.75,4.23,2.515,7.04,1.367,10.05,47.5,NA,Estiaje,Hornillos Alto,Agua superficial,Rio,blue,Basico,-71.68720993,-15.33213334
49999119SW048,8303145,211459,8.16,89.94,44.57,9.4,2.2,2.1,3.8,0.5,15,29,NA,Avenida,Hornillos Alto,Agua superficial,Rio,green,Aceptable,-71.6872568,-15.33215987
49999119SW049,8302200,208881,8.65,126.6,62.33,11.18,3.91,3.339,7.81,2.508,16.94,49.8,NA,Estiaje,Hornillos Alto,Agua superficial,Rio,blue,Basico,-71.71135733,-15.34040373
49999119SW049,8302206,208880,8.15,105.2,52.07,8.9,1.8,1.9,3.6,0.5,15.9,28,NA,Avenida,Hornillos Alto,Agua superficial,Rio,green,Aceptable,-71.71136594,-15.34034943
49999119SW051,8301693,210129,7.71,291.2,143.1,32.48,3.32,13.32,4.48,2.148,28.25,129.6,7.4,Estiaje,Hornillos Alto,Agua superficial,Quebrada,green,Aceptable,-71.69980214,-15.34512328
49999119SW051,8301700,210127,7.39,88.49,43.86,9.9,1.2,3.3,2.1,0.3,9.6,36,NA,Avenida,Hornillos Alto,Agua superficial,Quebrada,green,Aceptable,-71.69981994,-15.34505984
49999119SW052,8302609,209253,7.61,180.6,88.95,17.24,3.58,3.11,15.65,20.69,2.875,74.7,NA,Estiaje,Hornillos Alto,Agua superficial,Quebrada,green,Aceptable,-71.70784784,-15.33675219
49999119SW052,8302605,209249,8.21,117.9,58.36,11.2,2.1,2.6,7.4,6.7,2.7,47,NA,Avenida,Hornillos Alto,Agua superficial,Quebrada,green,Aceptable,-71.70788553,-15.33678787
49999119SW053,8302249,209816,7.46,92.5,45.2,7.88,2.03,2.613,3.56,0.233,9.706,35.2,NA,Estiaje,Hornillos Alto,Agua superficial,Quebrada,green,Aceptable,-71.70265041,-15.34006684
49999119SW053,8302264,209827,7.26,71.15,35.36,6.8,1.6,1.9,3,0.3,7.3,27,NA,Avenida,Hornillos Alto,Agua superficial,Quebrada,green,Aceptable,-71.7025463,-15.33993262
49999119SW054,8297688,206298,7.54,269.8,133.1,20.81,3.2,3.055,23.87,22.64,33.9,81.2,NA,Estiaje,Hornillos Alto,Agua superficial,Rio,green,Aceptable,-71.73592622,-15.38085615
49999119SW054,8297699,206299,7.81,154.8,76.8,15.7,1.8,2.2,9.2,5.8,25.4,38,NA,Avenida,Hornillos Alto,Agua superficial,Rio,green,Aceptable,-71.73591562,-15.38075693
49999119SW055,8313044,192720,8.45,177.6,87.4,10.26,3.78,2.451,25.84,17.78,7.467,79.4,NA,Estiaje,Hornillos Alto,Agua superficial,Rio,green,Aceptable,-71.86041336,-15.240607
49999119SW055,8313017,192726,7.96,101.7,49.95,8.6,2.1,2.1,6.8,2.5,10,35,NA,Avenida,Hornillos Alto,Agua superficial,Rio,green,Aceptable,-71.86036086,-15.24085151
49999119SW056,8319024,215847,8.45,114.5,56.62,11.24,2.97,4.107,4.15,0.503,11.92,54.2,NA,Estiaje,Hornillos Alto,Agua superficial,Quebrada,green,Aceptable,-71.64462507,-15.1892395
49999119SW056,8319023,215846,8.53,76.55,38.02,7.3,1.8,2.4,2.9,0.4,6.4,31,NA,Avenida,Hornillos Alto,Agua superficial,Quebrada,blue,Basico,-71.64463449,-15.18924842
49999119SW057,8312866,189003,8.12,175.4,85.8,8.4,3.12,2.222,19.54,14.31,6.243,72.4,NA,Estiaje,Hornillos Alto,Agua superficial,Rio,green,Aceptable,-71.89500478,-15.24177074
49999119SW057,8312865,188991,7.99,102.8,50.37,8.6,2.2,2.1,6.7,2.1,11,34,NA,Avenida,Hornillos Alto,Agua superficial,Rio,green,Aceptable,-71.89511651,-15.24177832
49999119SW058,8320399,216577,6.58,144.3,70.73,13.4,1.44,3.336,5.92,1.255,8.15,88.7,NA,Estiaje,Hornillos Alto,Agua superficial,Quebrada,green,Aceptable,-71.6376818,-15.17690095
49999119SW058,8320425,216551,7.57,77.91,39.29,8.9,1,2.1,3.9,0.2,2.4,40,NA,Avenida,Hornillos Alto,Agua superficial,Quebrada,green,Aceptable,-71.63792067,-15.1766633
49999119SW059,8320197,216679,8.73,157.2,77.47,8.46,3.39,2.343,23.36,14.59,6.091,68.1,NA,Estiaje,Hornillos Alto,Agua superficial,Rio,blue,Basico,-71.63675591,-15.17873641
49999119SW059,8320185,216685,8.15,91.96,46.13,8.7,1.9,2.1,5.9,2.1,9.7,33,NA,Avenida,Hornillos Alto,Agua superficial,Rio,green,Aceptable,-71.63670146,-15.17884544
49999119SW061,8309657,192961,9.25,128,63.54,7.81,3.67,3.405,8.76,0.882,2.939,59,NA,Estiaje,Hornillos Alto,Agua superficial,Arroyo,blue,Basico,-71.85858584,-15.2712192
49999119SW061,8309657,192957,9.35,79.83,39.62,6.2,2.2,2.2,6,0.5,3.7,35,3,Avenida,Hornillos Alto,Agua superficial,Quebrada,blue,Basico,-71.85862304,-15.27121872
49999119SW062,8319399,216770,8.02,85.78,42.55,6.58,3.1,3.097,5.31,0.606,2.413,50.9,NA,Estiaje,Hornillos Alto,Agua superficial,Rio,green,Aceptable,-71.63599913,-15.18595342
49999119SW062,8319409,216782,7.69,61.45,30.61,4.7,2.1,1.9,3.7,0.4,5.9,26,NA,Avenida,Hornillos Alto,Agua superficial,Quebrada,green,Aceptable,-71.63588641,-15.18586442
49999119SW063,8316411,218495,8.5,133.4,65.74,8.52,6.15,4.118,8.87,4.921,3.725,65.7,NA,Estiaje,Hornillos Alto,Agua superficial,Arroyo,green,Aceptable,-71.62029018,-15.21312705
49999119SW063,8316412,218499,8.3,72.55,36.05,4.9,2.3,2,3.4,0.9,3.6,31,NA,Avenida,Hornillos Alto,Agua superficial,Quebrada,green,Aceptable,-71.62025286,-15.21311845
49999119SW064,8315738,218276,8.25,127.3,62.9,3.52,3.28,1.532,3.8,0.371,1.863,33.4,NA,Estiaje,Hornillos Alto,Agua superficial,Quebrada,green,Aceptable,-71.62240238,-15.21918151
49999119SW064,8315711,218291,7.61,52.09,26.04,3.9,2.2,1.5,3.3,0.3,2.9,24,NA,Avenida,Hornillos Alto,Agua superficial,Quebrada,green,Aceptable,-71.62226588,-15.21942699
49999119SW065,8306832,199616,9.04,134.1,66.28,11.23,3.8,3.932,4.58,1.065,10.36,58.3,NA,Estiaje,Hornillos Alto,Agua superficial,Rio,blue,Basico,-71.7970186,-15.29751123
49999119SW065,8306893,199571,7.52,80.15,39.77,7.6,2.8,2.4,3.5,0.4,3.4,37,NA,Avenida,Hornillos Alto,Agua superficial,Rio,green,Aceptable,-71.79742994,-15.29695515
49999119SW066,8306246,198999,8.21,141.5,69.82,11.54,2.91,4.136,4.22,0.553,14.39,54,NA,Estiaje,Hornillos Alto,Agua superficial,Arroyo,green,Aceptable,-71.80282929,-15.30273099
49999119SW066,8306244,198932,8.36,78.06,38.75,7.2,1.9,2.4,3,0.4,7.8,31,NA,Avenida,Hornillos Alto,Agua superficial,Quebrada,green,Aceptable,-71.80345288,-15.30274123
49999119SW067,8306689,197126,9.05,95.32,47.67,7.23,2.99,2.82,5.76,1.074,5.492,45.9,NA,Estiaje,Hornillos Alto,Agua superficial,Quebrada,blue,Basico,-71.82020141,-15.29851149
49999119SW067,8306690,197120,8.36,68.36,34,5.6,2.1,1.9,3.7,0.6,7.4,27,NA,Avenida,Hornillos Alto,Agua superficial,Quebrada,green,Aceptable,-71.82025711,-15.29850176
49999119SW069,8317384,203802,8.46,100,49.55,7.45,3.2,2.266,11.72,2.711,4.634,58.1,NA,Estiaje,Hornillos Alto,Agua superficial,Rio,green,Aceptable,-71.75682987,-15.20270526
49999119SW069,8317376,203803,8.1,86.49,42.88,7.6,2,1.9,4.4,0.6,10.8,30,NA,Avenida,Hornillos Alto,Agua superficial,Rio,green,Aceptable,-71.75682151,-15.20277762
49999119SW070,8307618,195817,7.59,59.31,29.56,4.9,1.4,1.6,3.3,0.3,11.5,18,NA,Avenida,Hornillos Alto,Agua superficial,Rio,green,Aceptable,-71.83226668,-15.28996876
49999119SW071,8307640,195762,7.92,117.1,57.86,11.8,1.5,2.3,7.9,1.9,7.2,52,NA,Avenida,Hornillos Alto,Agua superficial,Rio,green,Aceptable,-71.83277567,-15.28976362
49999119SW072,8309264,195779,8.57,41.64,20.87,4.88,2.81,1.898,5.42,0.544,3.244,39.1,NA,Estiaje,Hornillos Alto,Agua superficial,Rio,blue,Basico,-71.8324205,-15.27510108
49999119SW072,8309355,195859,7.64,80.13,39.79,7.3,2.2,1.9,3.8,0.6,9.9,27,NA,Avenida,Hornillos Alto,Agua superficial,Rio,green,Aceptable,-71.83166529,-15.27428877
49999119SW073,8311801,197766,6.85,86.82,43.11,9.77,1.73,2.608,3.83,0.273,16.56,62,NA,Estiaje,Hornillos Alto,Agua superficial,Rio,green,Aceptable,-71.81363142,-15.25242495
49999119SW073,8311813,197722,7.84,75.71,37.6,8.3,1.3,2,2.9,0.2,11,29,NA,Avenida,Hornillos Alto,Agua superficial,Rio,green,Aceptable,-71.81403924,-15.25231145
49999119SW074,8306664,217782,8.31,141.9,70.2,6.11,2.97,2.121,10.27,2.508,4.057,53.1,NA,Estiaje,Hornillos Alto,Agua superficial,Rio,green,Aceptable,-71.62801693,-15.30107929
49999119SW074,8306688,217781,8.13,82.14,40.75,7.7,2.1,2,5,0.7,11.2,30,NA,Avenida,Hornillos Alto,Agua superficial,Rio,green,Aceptable,-71.62802353,-15.30086243
49999119SW075,8306894,218082,8.98,41.12,22.11,5.49,2.79,1.968,5.64,0.588,3.596,40.9,NA,Estiaje,Hornillos Alto,Agua superficial,Rio,blue,Basico,-71.62519953,-15.29903486
49999119SW075,8306934,218051,7.65,79.13,39.48,7.1,2,1.9,4.2,0.4,11.1,28,NA,Avenida,Hornillos Alto,Agua superficial,Rio,green,Aceptable,-71.62548348,-15.29867021
49999119SW076,8312488,219245,7.9,101.1,50.2,6.54,2.98,2.244,11.1,2.94,3.985,57.6,NA,Estiaje,Hornillos Alto,Agua superficial,Rio,green,Aceptable,-71.61375188,-15.2486392
49999119SW076,8316156,219183,8.59,83.17,41.25,7.5,2.1,1.9,4.9,0.8,10.3,30,NA,Avenida,Hornillos Alto,Agua superficial,Rio,blue,Basico,-71.61391937,-15.21550464
49999119SW077,8300853,214701,8.63,95,47.08,17.25,3.32,3.363,10.28,0.726,16.04,77.4,NA,Estiaje,Hornillos Alto,Agua superficial,Quebrada,blue,Basico,-71.65734858,-15.35322066
49999119SW077,8300845,214701,8.15,84.13,42.13,7.2,1.8,1.4,6.1,0.3,11.5,29,NA,Avenida,Hornillos Alto,Agua superficial,Quebrada,green,Aceptable,-71.6573495,-15.35329291
49999119SW079,8308983,219556,8.93,48.3,24.19,5.87,2.89,2.071,6.64,0.696,3.545,43.8,NA,Estiaje,Hornillos Alto,Agua superficial,Rio,blue,Basico,-71.61125023,-15.28032858
49999119SW079,8308894,219526,7.88,86.73,43.07,7.7,2.2,2,4.3,0.5,11,29,NA,Avenida,Hornillos Alto,Agua superficial,Rio,green,Aceptable,-71.61153931,-15.28112913
49999119SW080,8309235,217280,7.83,97.54,48.61,11.6,1.3,2,4.8,NA,6.9,44,NA,Avenida,Hornillos Alto,Agua superficial,Quebrada,green,Aceptable,-71.63239798,-15.2778046
49999119SW081,8309252,217287,7.34,275.6,135.7,45.47,1.03,1.317,4.01,0.119,112,11.3,NA,Estiaje,Hornillos Alto,Agua superficial,Quebrada,green,Aceptable,-71.63233094,-15.27765183
49999119SW081,8301271,216310,7.25,82.4,40.87,10.5,0.7,0.8,1.9,NA,25.1,11,NA,Avenida,Hornillos Alto,Agua superficial,Quebrada,green,Aceptable,-71.64232587,-15.34962365
49999119SW082,8301526,216322,7.1,502.7,246.1,94.01,2.75,2.903,6.65,0.278,220.5,42.8,NA,Estiaje,Hornillos Alto,Agua superficial,Quebrada,green,Aceptable,-71.6421852,-15.347322
49999119SW082,8311912,217746,7.15,135.1,66.68,17.5,1.1,1.6,2.8,NA,49.8,13,NA,Avenida,Hornillos Alto,Agua superficial,Quebrada,green,Aceptable,-71.62776136,-15.25367834
49999119SW083,8311927,217740,7.21,780.6,380.2,146.2,2.06,2.999,9.5,0.337,335.8,50.9,NA,Estiaje,Hornillos Alto,Agua superficial,Rio,green,Aceptable,-71.6278155,-15.25354222
49999119SW083,8301837,216829,7.31,139.2,68.69,20.3,0.8,1.2,2.3,NA,41.7,19,NA,Avenida,Hornillos Alto,Agua superficial,Rio,green,Aceptable,-71.63743129,-15.34456914
49999119SW084,8301811,216855,7.09,498.1,244.8,92.15,1.57,3.059,7.76,0.446,203.6,55.9,NA,Estiaje,Hornillos Alto,Agua superficial,Rio,green,Aceptable,-71.63719226,-15.34480681
49999119SW084,8304089,217040,7.76,140.9,69.56,21.3,0.9,1.2,2.8,NA,42.4,23,NA,Avenida,Hornillos Alto,Agua superficial,Rio,green,Aceptable,-71.63521244,-15.32425377
49999119SW085,8304090,217046,7.66,133.3,65.74,13.6,0.8,3.2,5.8,NA,3.7,63,NA,Avenida,Hornillos Alto,Agua superficial,Quebrada,green,Aceptable,-71.63515649,-15.3242454
49999119SW086,8304143,217665,7.74,45.12,22.61,6,0.5,0.4,2.2,NA,8.4,15,NA,Avenida,Hornillos Alto,Agua superficial,Quebrada,green,Aceptable,-71.6293901,-15.32383466
49999119SW087,8304257,217634,8.95,336.4,164.7,18.76,3.69,3.045,26.02,21.22,26.56,79.4,NA,Estiaje,Hornillos Alto,Agua superficial,Rio,blue,Basico,-71.62966571,-15.32280169
49999119SW087,8328950,198993,8.19,136,67.19,12.9,2.1,2,9.3,4.8,20,37,NA,Avenida,Hornillos Alto,Agua superficial,Rio,green,Aceptable,-71.8001762,-15.09770862
49999119SW089,8323338,200815,8.43,448.1,220,53.45,2.53,2.908,24.12,16.62,119.7,69.8,NA,Estiaje,Hornillos Alto,Agua superficial,Rio,green,Aceptable,-71.78390282,-15.14859621
49999119SW089,8328992,198625,7.96,134.6,66.43,19.1,0.9,1.1,4.4,0.7,38.5,23,NA,Avenida,Hornillos Alto,Agua superficial,Rio,green,Aceptable,-71.80359168,-15.09728699
49999119SW091,8329368,198860,7.89,495.8,246,59.37,2.73,3.033,28.71,20.93,129,78.1,NA,Estiaje,Hornillos Alto,Agua superficial,Rio,green,Aceptable,-71.80136289,-15.09391866
49999119SW091,8326697,199136,7.87,141.9,70.04,20.5,0.8,1.1,3.6,0.8,34.3,23,NA,Avenida,Hornillos Alto,Agua superficial,Rio,green,Aceptable,-71.79911391,-15.11807032
49999119SW092,8326703,199129,6.69,39.47,19.84,3.71,1.3,0.818,2.92,0.207,2.853,21.1,NA,Estiaje,Hornillos Alto,Agua superficial,Rio,green,Aceptable,-71.79917827,-15.11801533
49999119SW092,8323143,200563,7.68,36.9,18.58,3.5,1,0.7,2.1,NA,1.6,17,NA,Avenida,Hornillos Alto,Agua superficial,Rio,green,Aceptable,-71.78626874,-15.1503282
49999119SW093,8323156,200562,6.71,46.86,23.48,4.36,1.93,0.724,1.99,0.199,5.272,18,NA,Estiaje,Hornillos Alto,Agua superficial,Quebrada,green,Aceptable,-71.7862765,-15.15021069
49999119SW093,8322101,216919,6.76,46.23,23.15,4.8,1.4,0.9,1.6,NA,11.7,10,NA,Avenida,Hornillos Alto,Agua superficial,Quebrada,green,Aceptable,-71.63431083,-15.16156659
49999119SW094,8322091,216933,7.75,263.9,126.4,1.89,1.69,0.42,2.32,0.298,2.503,12.7,NA,Estiaje,Hornillos Alto,Agua superficial,Quebrada,green,Aceptable,-71.63418176,-15.16165843
49999119SW094,8322226,202351,7.39,67.4,33.93,8.7,1.7,1,1.5,NA,18,13,NA,Avenida,Hornillos Alto,Agua superficial,Quebrada,green,Aceptable,-71.76975315,-15.15881392
49999119SW095,8322181,202363,7.13,68.8,34.54,9.54,1.71,1.077,2.05,0.163,10.81,30.9,NA,Estiaje,Hornillos Alto,Agua superficial,Quebrada,green,Aceptable,-71.76964687,-15.15922166
49999119SW095,8321549,216855,7.46,59.29,29.55,6.9,1.4,1,1.7,NA,14,13,NA,Avenida,Hornillos Alto,Agua superficial,Quebrada,green,Aceptable,-71.63496774,-15.16654502
49999119SW096,8321550,216844,5.96,414.4,204.9,62.56,1.91,6.923,2.03,0.316,191.4,4,NA,Estiaje,Hornillos Alto,Agua superficial,Quebrada,red,Acido,-71.63506992,-15.16653479
49999119SW096,8319424,203604,7.29,96.54,47.8,11.2,1.4,1.4,1.2,NA,30.1,10,NA,Avenida,Hornillos Alto,Agua superficial,Quebrada,green,Aceptable,-71.75843165,-15.18426038
49999119SW097,8319454,203587,5.65,485.9,238.6,53.66,3.92,13.09,5.77,1.521,206.1,1.4,NA,Estiaje,Hornillos Alto,Agua superficial,Quebrada,red,Acido,-71.75858621,-15.18398753
49999119SW097,8320773,202392,7.44,135.8,67.35,17.3,2,2.3,2.1,0.4,40.5,16,NA,Avenida,Hornillos Alto,Agua superficial,Quebrada,green,Aceptable,-71.76954291,-15.17193988
49999119SW098,8320781,202391,7.44,84.86,42.13,11.08,1.68,1.319,1.99,0.397,14.96,34.9,NA,Estiaje,Hornillos Alto,Agua superficial,Quebrada,green,Aceptable,-71.76955127,-15.17186752
49999119SW098,8320489,202148,7.35,66.69,33.18,7.4,1.4,1,1.8,NA,16,13,NA,Avenida,Hornillos Alto,Agua superficial,Rio,green,Aceptable,-71.77184514,-15.17447662
49999119SW099,8320487,202151,9.38,418.9,205.8,61.05,5.32,6.68,4.71,1.609,170.1,36.8,NA,Estiaje,Hornillos Alto,Agua superficial,Quebrada,blue,Basico,-71.77181748,-15.17449502
49999119SW099,8322162,190972,7.58,131.4,64.82,18.2,1.3,1.8,1.7,0.3,38.1,19,NA,Avenida,Hornillos Alto,Agua superficial,Quebrada,green,Aceptable,-71.87555375,-15.15806707
49999119SW100,8322166,190970,7.47,471.8,231.8,74.97,2.74,7.479,4.35,2.746,171.4,76,NA,Estiaje,Hornillos Alto,Agua superficial,Rio,green,Aceptable,-71.87557186,-15.15803071
49999119SW100,8320885,195150,7.64,251.3,123.6,37,1.8,3.9,2.3,0.4,82.6,37,NA,Avenida,Hornillos Alto,Agua superficial,Rio,green,Aceptable,-71.83686507,-15.17009049
49999119SW101,8320890,195139,7.91,380.2,186.9,60.9,2.84,5.575,4.25,2.101,137.8,64.1,NA,Estiaje,Hornillos Alto,Agua superficial,Rio,green,Aceptable,-71.83696674,-15.17004405
49999119SW101,8320105,191983,7.95,244.1,120.1,35.5,2,3.7,2.4,0.5,74.4,34,NA,Avenida,Hornillos Alto,Agua superficial,Rio,green,Aceptable,-71.86640521,-15.17676091
49999119SW102,8320105,191974,7.92,398.6,195.8,64.23,2.94,5.579,4.2,2.174,134.6,63.1,NA,Estiaje,Hornillos Alto,Agua superficial,Rio,green,Aceptable,-71.86648889,-15.17675984
49999119SW102,8320003,192358,7.98,239.7,118,32.6,1.9,3.5,2.4,0.5,74,34,NA,Avenida,Hornillos Alto,Agua superficial,Rio,green,Aceptable,-71.862931,-15.1777263
49999119SW103,8320010,192370,8.2,124.8,61.66,4.4,1.97,1.306,3.35,0.217,4.44,28.5,NA,Estiaje,Hornillos Alto,Agua superficial,Quebrada,green,Aceptable,-71.86281858,-15.17766451
49999119SW103,8319055,196385,6.94,65.19,32.89,5.2,1.4,1.1,3.2,NA,21,7,NA,Avenida,Hornillos Alto,Agua superficial,Quebrada,green,Aceptable,-71.82560235,-15.18675977
49999119SW104,8319058,196383,7.42,198.6,97.97,15.16,2.79,2.62,3.81,0.34,43.17,17.1,NA,Estiaje,Hornillos Alto,Agua superficial,Quebrada,green,Aceptable,-71.82562058,-15.18673245
49999119SW104,8320015,192085,7.55,201.9,99.45,13.4,2.2,2.1,2.8,0.4,31.8,20,NA,Avenida,Hornillos Alto,Agua superficial,Quebrada,green,Aceptable,-71.86546782,-15.17758565
49999119SW105,8319777,192388,9.49,183.8,90.56,17.73,2.59,2.838,4.74,1.279,31.96,47,NA,Estiaje,Hornillos Alto,Agua superficial,Rio,blue,Basico,-71.86267958,-15.17977057
49999119SW105,8318203,196815,8.06,205.9,101.4,19.1,2.3,3.1,3.7,0.6,36.2,32,NA,Avenida,Hornillos Alto,Agua superficial,Rio,green,Aceptable,-71.82170633,-15.19450354
49999119SW106,8318203,196817,9.39,137.9,68.68,6.61,2.08,1.715,4.28,1.412,8.828,27.9,NA,Estiaje,Hornillos Alto,Agua superficial,Quebrada,blue,Basico,-71.82168774,-15.19450378
49999119SW106,8315699,194004,6.21,66.85,33.14,5.3,1.9,1.2,2.6,NA,21,9,NA,Avenida,Hornillos Alto,Agua superficial,Quebrada,red,Acido,-71.84814875,-15.21678482
49999119SW108,8315727,194035,8.68,58.51,29.17,9.42,1.16,2.552,7.03,0.399,2.068,60.8,NA,Estiaje,Hornillos Alto,Agua superficial,Quebrada,blue,Basico,-71.84785707,-15.21653564
49999119SW108,8314546,196802,8.1,87.32,43.29,8.8,1.7,2.6,4.1,0.2,4.7,40,NA,Avenida,Hornillos Alto,Agua superficial,Quebrada,green,Aceptable,-71.82226707,-15.22752485
49999119SW109,8314548,196798,7.83,81.54,40.47,13.9,2.2,3.27,7.28,0.631,3.672,81.6,NA,Estiaje,Hornillos Alto,Agua superficial,Quebrada,green,Aceptable,-71.82230403,-15.22750633
49999119SW109,8314509,197321,8.03,85.33,42.31,9.5,1.7,2.6,4.7,0.3,4.7,43,NA,Avenida,Hornillos Alto,Agua superficial,Quebrada,green,Aceptable,-71.81744468,-15.2279196
49999119SW110,8314474,197319,8.33,151.7,74.84,17.15,3.18,2.865,22.88,20.49,25.08,79.9,NA,Estiaje,Hornillos Alto,Agua superficial,Rio,green,Aceptable,-71.81746749,-15.22823542
49999119SW110,8319520,200527,8.06,132.8,65.97,13.7,2.3,2.5,9,5,19.8,40,NA,Avenida,Hornillos Alto,Agua superficial,Rio,green,Aceptable,-71.78703245,-15.18304099
49999119SW111,8319523,200518,8.58,148.6,73.48,17.07,3.18,2.808,22.73,20.6,26.09,79.2,NA,Estiaje,Hornillos Alto,Agua superficial,Rio,blue,Basico,-71.78711578,-15.18301286
49999119SW111,8317611,200667,8.37,142.2,70.18,13.5,2.2,2.3,9,5.2,19.8,40,NA,Avenida,Hornillos Alto,Agua superficial,Rio,green,Aceptable,-71.78595702,-15.200296
49999119SW112,8317680,200558,8.26,84.46,41.89,15.63,2.47,4.089,7.64,0.39,2.481,86.4,NA,Estiaje,Hornillos Alto,Agua superficial,Quebrada,green,Aceptable,-71.78696245,-15.19966035
49999119SW112,8317077,200331,8.21,104.3,51.6,11.1,1.8,2.9,5.5,0.5,3.8,52,NA,Avenida,Hornillos Alto,Agua superficial,Rio,green,Aceptable,-71.78914503,-15.20507944
